game_id,ok_n_rows,ok_n_players,ok_role_3_7,ok_winners,ok_consistency,all_ok,n_rows,n_players,winners,mafia_cnt,cit_cnt,winners_mafia,winners_citizens
100022,True,True,True,False,False,False,10,10,0,3,7,0,0
100067,True,True,True,False,False,False,10,10,0,3,7,0,0
101063,False,False,False,False,False,False,9,9,6,3,6,0,6
101504,False,False,False,True,True,False,9,9,3,3,6,3,0
101507,False,False,False,True,True,False,9,9,3,3,6,3,0
101510,False,False,False,True,True,False,9,9,7,2,7,0,7
101513,False,False,False,False,False,False,9,9,2,2,7,2,0
101516,False,False,False,False,False,False,8,8,6,2,6,0,6
101517,False,False,False,False,False,False,8,8,6,2,6,0,6
101518,False,False,False,False,False,False,8,8,2,2,6,2,0
101519,False,False,False,False,False,False,9,9,2,2,7,2,0
104217,False,False,False,False,False,False,9,9,2,2,7,2,0
104231,False,False,False,True,True,False,9,9,7,2,7,0,7
104233,False,False,False,False,False,False,9,9,6,3,6,0,6
104237,False,False,False,True,True,False,8,8,3,3,5,3,0
105339,False,False,False,True,True,False,9,9,3,3,6,3,0
105340,False,False,False,False,False,False,9,9,6,3,6,0,6
105346,False,False,False,True,True,False,9,9,3,3,6,3,0
107911,False,False,False,False,False,False,9,9,6,3,6,0,6
107915,False,False,False,False,False,False,8,8,5,3,5,0,5
108546,False,False,False,True,True,False,9,9,7,2,7,0,7
109165,False,False,False,False,False,False,9,9,6,3,6,0,6
109166,False,False,False,False,False,False,9,9,6,3,6,0,6
109168,False,False,False,True,True,False,9,9,3,3,6,3,0
109169,False,False,False,False,False,False,9,9,6,3,6,0,6
112658,False,False,False,False,False,False,9,9,6,3,6,0,6
112685,True,True,True,False,False,False,10,10,0,3,7,0,0
113698,False,False,False,True,True,False,9,9,3,3,6,3,0
114368,False,False,False,True,True,False,9,9,3,3,6,3,0
118025,False,False,False,True,True,False,9,9,3,3,6,3,0
119129,True,True,True,False,False,False,10,10,0,3,7,0,0
119775,False,False,False,False,False,False,9,9,6,3,6,0,6
120007,False,False,False,False,False,False,9,9,2,2,7,2,0
120008,False,False,False,False,False,False,9,9,6,3,6,0,6
120012,False,False,False,True,True,False,8,8,3,3,5,3,0
120016,False,False,False,False,False,False,8,8,2,2,6,2,0
120019,False,False,False,False,False,False,9,9,6,3,6,0,6
120020,False,False,False,True,True,False,9,9,3,3,6,3,0
120023,False,False,False,False,False,False,9,9,6,3,6,0,6
120024,False,False,False,False,False,False,9,9,6,3,6,0,6
120533,True,True,True,False,False,False,10,10,0,3,7,0,0
120534,True,True,True,False,False,False,10,10,0,3,7,0,0
120535,True,True,True,False,False,False,10,10,0,3,7,0,0
120536,True,True,True,False,False,False,10,10,0,3,7,0,0
120537,True,True,True,False,False,False,10,10,0,3,7,0,0
120538,True,True,True,False,False,False,10,10,0,3,7,0,0
120539,True,True,True,False,False,False,10,10,0,3,7,0,0
120540,True,True,True,False,False,False,10,10,0,3,7,0,0
121219,False,False,False,False,False,False,9,9,6,3,6,0,6
121300,False,False,False,True,True,False,9,9,7,2,7,0,7
123429,True,True,True,False,False,False,10,10,0,3,7,0,0
123434,True,True,True,False,False,False,10,10,0,3,7,0,0
123506,True,True,True,False,False,False,10,10,0,3,7,0,0
124454,False,False,False,False,False,False,9,9,6,3,6,0,6
124465,False,False,False,False,False,False,9,9,6,3,6,0,6
124599,False,False,False,True,True,False,9,9,3,3,6,3,0
124604,False,False,False,True,True,False,9,9,3,3,6,3,0
124614,False,False,False,False,False,False,9,9,6,3,6,0,6
125514,False,False,False,False,False,False,9,9,6,3,6,0,6
125518,False,False,False,False,False,False,9,9,6,3,6,0,6
125521,False,False,False,True,True,False,9,9,3,3,6,3,0
125525,False,False,False,True,True,False,9,9,7,2,7,0,7
125561,False,False,False,False,False,False,9,9,6,3,6,0,6
126409,True,True,True,False,False,False,10,10,0,3,7,0,0
126410,True,True,True,False,False,False,10,10,0,3,7,0,0
126420,True,True,True,False,False,False,10,10,0,3,7,0,0
126523,True,True,True,False,False,False,10,10,0,3,7,0,0
127772,False,False,False,False,False,False,9,9,6,3,6,0,6
128220,False,False,False,False,False,False,9,9,6,3,6,0,6
128222,False,False,False,True,True,False,9,9,3,3,6,3,0
128227,False,False,False,True,True,False,9,9,3,3,6,3,0
128253,True,True,True,False,False,False,10,10,0,3,7,0,0
128419,True,True,True,False,False,False,10,10,0,3,7,0,0
129195,False,False,False,False,False,False,9,9,6,3,6,0,6
129197,False,False,False,True,True,False,9,9,7,2,7,0,7
129547,True,True,True,False,False,False,10,10,0,3,7,0,0
130063,False,False,False,False,False,False,9,9,2,2,7,2,0
130067,False,False,False,True,True,False,9,9,3,3,6,3,0
130071,False,False,False,True,True,False,9,9,3,3,6,3,0
130073,False,False,False,False,False,False,9,9,6,3,6,0,6
130076,False,False,False,False,False,False,9,9,6,3,6,0,6
130273,False,False,False,True,True,False,9,9,3,3,6,3,0
130275,False,False,False,False,False,False,9,9,6,3,6,0,6
130277,False,False,False,True,True,False,9,9,3,3,6,3,0
130278,False,False,False,True,True,False,9,9,3,3,6,3,0
130280,False,False,False,False,False,False,9,9,6,3,6,0,6
130281,False,False,False,True,True,False,9,9,3,3,6,3,0
130296,False,False,False,True,True,False,8,8,3,3,5,3,0
130301,False,False,False,False,False,False,8,8,6,2,6,0,6
131267,True,True,True,False,False,False,10,10,0,3,7,0,0
136181,False,False,False,False,False,False,9,9,6,3,6,0,6
136183,False,False,False,True,True,False,9,9,3,3,6,3,0
136184,False,False,False,True,True,False,9,9,3,3,6,3,0
136187,False,False,False,True,True,False,9,9,3,3,6,3,0
136189,False,False,False,False,False,False,9,9,6,3,6,0,6
136190,False,False,False,True,True,False,9,9,3,3,6,3,0
136193,False,False,False,False,False,False,9,9,6,3,6,0,6
136195,False,False,False,True,True,False,9,9,7,2,7,0,7
137671,False,False,False,True,True,False,9,9,3,3,6,3,0
137672,False,False,False,True,True,False,9,9,7,2,7,0,7
137673,False,False,False,True,True,False,9,9,7,2,7,0,7
137674,False,False,False,False,False,False,9,9,6,3,6,0,6
137675,False,False,False,True,True,False,9,9,7,2,7,0,7
137676,False,False,False,True,True,False,9,9,7,2,7,0,7
137677,False,False,False,True,True,False,9,9,7,2,7,0,7
137741,False,False,False,True,True,False,9,9,7,2,7,0,7
137743,False,False,False,True,True,False,9,9,7,2,7,0,7
137744,False,False,False,True,True,False,9,9,3,3,6,3,0
137747,False,False,False,True,True,False,9,9,7,2,7,0,7
142483,False,False,False,True,True,False,9,9,3,3,6,3,0
142489,False,False,False,True,True,False,9,9,3,3,6,3,0
142494,False,False,False,False,False,False,9,9,6,3,6,0,6
142496,False,False,False,True,True,False,9,9,3,3,6,3,0
143830,False,False,False,False,False,False,9,9,2,2,7,2,0
147652,False,False,False,True,True,False,9,9,3,3,6,3,0
147658,False,False,False,False,False,False,9,9,6,3,6,0,6
147662,False,False,False,True,True,False,9,9,3,3,6,3,0
147663,False,False,False,False,False,False,9,9,2,2,7,2,0
148550,True,True,True,False,False,False,10,10,0,3,7,0,0
149915,False,False,False,True,True,False,9,9,3,3,6,3,0
149916,False,False,False,False,False,False,9,9,2,2,7,2,0
149919,False,False,False,True,True,False,9,9,7,2,7,0,7
149920,False,False,False,False,False,False,9,9,6,3,6,0,6
149922,False,False,False,False,False,False,9,9,6,3,6,0,6
149926,False,False,False,False,False,False,8,8,5,3,5,0,5
149928,False,False,False,True,True,False,9,9,3,3,6,3,0
149931,False,False,False,True,True,False,8,8,3,3,5,3,0
149932,False,False,False,False,False,False,8,8,6,2,6,0,6
150989,False,False,False,False,False,False,9,9,6,3,6,0,6
151180,False,False,False,True,True,False,9,9,3,3,6,3,0
151181,False,False,False,True,True,False,9,9,3,3,6,3,0
151182,False,False,False,True,True,False,9,9,3,3,6,3,0
151183,False,False,False,False,False,False,9,9,6,3,6,0,6
151868,True,True,True,False,False,False,10,10,0,3,7,0,0
152757,False,False,False,True,True,False,9,9,3,3,6,3,0
152760,False,False,False,False,False,False,9,9,6,3,6,0,6
152763,False,False,False,True,True,False,9,9,3,3,6,3,0
152766,False,False,False,True,True,False,9,9,3,3,6,3,0
152770,False,False,False,False,False,False,9,9,6,3,6,0,6
152794,False,False,False,False,False,False,9,9,6,3,6,0,6
153116,False,False,False,False,False,False,9,9,2,2,7,2,0
155179,False,False,False,False,False,False,9,9,2,2,7,2,0
156787,False,False,False,False,False,False,9,9,6,3,6,0,6
156789,False,False,False,True,True,False,9,9,3,3,6,3,0
156795,False,False,False,True,True,False,9,9,7,2,7,0,7
156797,False,False,False,False,False,False,9,9,6,3,6,0,6
156999,False,False,False,False,False,False,9,9,2,2,7,2,0
157571,False,False,False,True,True,False,9,9,3,3,6,3,0
157708,False,False,False,False,False,False,9,9,6,3,6,0,6
157709,False,False,False,False,False,False,9,9,2,2,7,2,0
158610,False,False,False,False,False,False,9,9,2,2,7,2,0
158756,False,False,False,True,True,False,9,9,3,3,6,3,0
158767,False,False,False,False,False,False,9,9,6,3,6,0,6
158782,False,False,False,False,False,False,9,9,6,3,6,0,6
158796,False,False,False,True,True,False,9,9,7,2,7,0,7
158797,False,False,False,False,False,False,9,9,6,3,6,0,6
160156,False,False,False,False,False,False,9,9,6,3,6,0,6
160157,False,False,False,False,False,False,9,9,2,2,7,2,0
160158,False,False,False,False,False,False,9,9,6,3,6,0,6
160691,False,False,False,False,False,False,9,9,2,2,7,2,0
160845,False,False,False,True,True,False,9,9,3,3,6,3,0
160849,False,False,False,False,False,False,9,9,6,3,6,0,6
160853,False,False,False,True,True,False,9,9,3,3,6,3,0
160857,False,False,False,False,False,False,9,9,6,3,6,0,6
160858,False,False,False,False,False,False,8,8,6,2,6,0,6
160859,False,False,False,False,False,False,9,9,6,3,6,0,6
161253,False,False,False,False,False,False,8,8,2,2,6,2,0
161254,False,False,False,False,False,False,8,8,5,3,5,0,5
161255,False,False,False,True,True,False,8,8,7,1,7,0,7
161256,False,False,False,True,True,False,8,8,3,3,5,3,0
161257,False,False,False,False,False,False,8,8,6,2,6,0,6
161258,False,False,False,False,False,False,8,8,2,2,6,2,0
161259,False,False,False,False,False,False,8,8,1,1,7,1,0
161260,False,False,False,False,False,False,8,8,5,3,5,0,5
162044,False,False,False,False,False,False,9,9,6,3,6,0,6
162063,False,False,False,False,False,False,9,9,6,3,6,0,6
162064,False,False,False,False,False,False,9,9,6,3,6,0,6
162065,False,False,False,True,True,False,9,9,3,3,6,3,0
162066,False,False,False,False,False,False,9,9,2,2,7,2,0
162067,False,False,False,True,True,False,9,9,3,3,6,3,0
162068,False,False,False,False,False,False,9,9,6,3,6,0,6
162069,False,False,False,True,True,False,9,9,7,2,7,0,7
162070,False,False,False,False,False,False,9,9,2,2,7,2,0
162735,False,False,False,True,True,False,9,9,3,3,6,3,0
162736,False,False,False,False,False,False,9,9,2,2,7,2,0
162919,False,False,False,False,False,False,9,9,6,3,6,0,6
162973,False,False,False,False,False,False,9,9,6,3,6,0,6
162974,False,False,False,False,False,False,9,9,2,2,7,2,0
162975,False,False,False,False,False,False,9,9,6,3,6,0,6
162976,False,False,False,True,True,False,9,9,3,3,6,3,0
162977,False,False,False,False,False,False,9,9,2,2,7,2,0
162978,False,False,False,False,False,False,9,9,2,2,7,2,0
162979,False,False,False,False,False,False,9,9,2,2,7,2,0
162980,False,False,False,True,True,False,9,9,3,3,6,3,0
163005,True,True,True,False,False,False,10,10,0,3,7,0,0
163316,False,False,False,True,True,False,9,9,3,3,6,3,0
163317,False,False,False,False,False,False,9,9,6,3,6,0,6
165269,False,False,False,False,False,False,9,9,6,3,6,0,6
165428,False,False,False,False,False,False,9,9,6,3,6,0,6
165458,False,False,False,True,True,False,9,9,3,3,6,3,0
165510,False,False,False,False,False,False,9,9,6,3,6,0,6
165519,False,False,False,False,False,False,9,9,6,3,6,0,6
165533,False,False,False,False,False,False,9,9,6,3,6,0,6
165559,False,False,False,True,True,False,9,9,7,2,7,0,7
165561,False,False,False,False,False,False,9,9,2,2,7,2,0
165572,False,False,False,True,True,False,9,9,3,3,6,3,0
165573,False,False,False,True,True,False,9,9,3,3,6,3,0
165576,False,False,False,True,True,False,9,9,3,3,6,3,0
165578,False,False,False,True,True,False,9,9,3,3,6,3,0
165633,False,False,False,False,False,False,9,9,6,3,6,0,6
166478,True,True,True,False,False,False,10,10,0,3,7,0,0
166564,False,False,False,False,False,False,9,9,6,3,6,0,6
166565,False,False,False,False,False,False,9,9,6,3,6,0,6
166580,False,False,False,False,False,False,8,8,2,2,6,2,0
166590,False,False,False,True,True,False,9,9,3,3,6,3,0
166591,False,False,False,False,False,False,9,9,2,2,7,2,0
166604,False,False,False,True,True,False,9,9,7,2,7,0,7
166605,False,False,False,True,True,False,9,9,3,3,6,3,0
166709,False,False,False,False,False,False,8,8,5,3,5,0,5
167333,False,False,False,False,False,False,9,9,2,2,7,2,0
167843,False,False,False,False,False,False,9,9,6,3,6,0,6
167845,False,False,False,False,False,False,9,9,2,2,7,2,0
167857,False,False,False,False,False,False,9,9,2,2,7,2,0
167860,False,False,False,False,False,False,9,9,2,2,7,2,0
167861,False,False,False,True,True,False,9,9,3,3,6,3,0
167862,False,False,False,True,True,False,9,9,3,3,6,3,0
167863,False,False,False,True,True,False,9,9,3,3,6,3,0
167864,False,False,False,False,False,False,9,9,6,3,6,0,6
167865,False,False,False,True,True,False,9,9,3,3,6,3,0
167866,False,False,False,True,True,False,9,9,3,3,6,3,0
168406,False,False,False,True,True,False,9,9,7,2,7,0,7
168413,False,False,False,False,False,False,9,9,6,3,6,0,6
168414,False,False,False,False,False,False,9,9,2,2,7,2,0
168435,False,False,False,True,True,False,9,9,7,2,7,0,7
168495,False,False,False,True,True,False,9,9,7,2,7,0,7
168496,False,False,False,True,True,False,9,9,3,3,6,3,0
168497,False,False,False,False,False,False,9,9,2,2,7,2,0
168498,False,False,False,True,True,False,9,9,3,3,6,3,0
169206,False,False,False,False,False,False,9,9,6,3,6,0,6
169216,False,False,False,True,True,False,9,9,3,3,6,3,0
169905,False,False,False,False,False,False,9,9,6,3,6,0,6
170113,False,False,False,True,True,False,9,9,3,3,6,3,0
170114,False,False,False,True,True,False,9,9,3,3,6,3,0
170164,False,False,False,True,True,False,9,9,3,3,6,3,0
170165,False,False,False,True,True,False,9,9,3,3,6,3,0
170166,False,False,False,False,False,False,9,9,6,3,6,0,6
171277,False,False,False,False,False,False,9,9,6,3,6,0,6
171305,False,False,False,True,True,False,9,9,7,2,7,0,7
171319,False,False,False,True,True,False,9,9,7,2,7,0,7
171333,False,False,False,False,False,False,9,9,2,2,7,2,0
171556,False,False,False,True,True,False,9,9,3,3,6,3,0
171599,False,False,False,True,True,False,9,9,3,3,6,3,0
172672,False,False,False,True,True,False,9,9,3,3,6,3,0
173566,False,False,False,False,False,False,9,9,6,3,6,0,6
173567,False,False,False,True,True,False,9,9,3,3,6,3,0
173568,False,False,False,True,True,False,9,9,3,3,6,3,0
173578,False,False,False,False,False,False,8,8,1,1,7,1,0
173621,False,False,False,True,True,False,9,9,3,3,6,3,0
173992,False,False,False,False,False,False,9,9,6,3,6,0,6
173993,False,False,False,False,False,False,9,9,6,3,6,0,6
173994,False,False,False,True,True,False,9,9,3,3,6,3,0
174079,False,False,False,True,True,False,9,9,3,3,6,3,0
174080,False,False,False,False,False,False,9,9,6,3,6,0,6
174081,False,False,False,False,False,False,9,9,6,3,6,0,6
174082,False,False,False,True,True,False,9,9,3,3,6,3,0
174083,False,False,False,False,False,False,9,9,6,3,6,0,6
175452,False,False,False,False,False,False,9,9,2,2,7,2,0
175501,False,False,False,False,False,False,9,9,2,2,7,2,0
175812,False,False,False,False,False,False,9,9,6,3,6,0,6
176553,False,False,False,True,True,False,9,9,3,3,6,3,0
177248,False,False,False,True,True,False,9,9,3,3,6,3,0
178402,False,False,False,False,False,False,9,9,6,3,6,0,6
179434,False,False,False,False,False,False,7,7,6,1,6,0,6
180178,False,False,False,True,True,False,9,9,3,3,6,3,0
181106,False,False,False,False,False,False,9,9,6,3,6,0,6
181277,False,False,False,False,False,False,9,9,6,3,6,0,6
181278,False,False,False,True,True,False,9,9,3,3,6,3,0
181279,False,False,False,False,False,False,9,9,2,2,7,2,0
181280,False,False,False,False,False,False,9,9,6,3,6,0,6
181336,False,False,False,False,False,False,9,9,2,2,7,2,0
181365,False,False,False,True,True,False,8,8,3,3,5,3,0
181383,False,False,False,False,False,False,8,8,5,3,5,0,5
181386,False,False,False,True,True,False,8,8,3,3,5,3,0
181402,False,False,False,True,True,False,8,8,3,3,5,3,0
181409,False,False,False,False,False,False,8,8,6,2,6,0,6
181958,False,False,False,True,True,False,9,9,3,3,6,3,0
181959,False,False,False,True,True,False,9,9,3,3,6,3,0
181960,False,False,False,False,False,False,9,9,2,2,7,2,0
181961,False,False,False,False,False,False,9,9,6,3,6,0,6
182113,False,False,False,False,False,False,9,9,6,3,6,0,6
182778,False,False,False,False,False,False,9,9,6,3,6,0,6
182779,False,False,False,True,True,False,9,9,3,3,6,3,0
182780,False,False,False,True,True,False,9,9,7,2,7,0,7
182866,False,False,False,False,False,False,9,9,2,2,7,2,0
182867,False,False,False,False,False,False,9,9,6,3,6,0,6
182868,False,False,False,True,True,False,9,9,7,2,7,0,7
182869,False,False,False,True,True,False,9,9,7,2,7,0,7
182870,False,False,False,True,True,False,9,9,3,3,6,3,0
183348,True,True,True,False,False,False,10,10,0,3,7,0,0
183982,False,False,False,False,False,False,9,9,2,2,7,2,0
184005,False,False,False,True,True,False,9,9,3,3,6,3,0
184006,False,False,False,True,True,False,9,9,3,3,6,3,0
184008,False,False,False,True,True,False,9,9,7,2,7,0,7
184423,False,False,False,True,True,False,9,9,3,3,6,3,0
184433,False,False,False,False,False,False,9,9,6,3,6,0,6
184434,False,False,False,True,True,False,9,9,3,3,6,3,0
184445,False,False,False,True,True,False,9,9,3,3,6,3,0
184464,False,False,False,False,False,False,9,9,6,3,6,0,6
184465,False,False,False,False,False,False,9,9,2,2,7,2,0
185097,False,False,False,True,True,False,9,9,3,3,6,3,0
185113,False,False,False,False,False,False,9,9,6,3,6,0,6
185125,False,False,False,False,False,False,9,9,2,2,7,2,0
185128,False,False,False,False,False,False,9,9,2,2,7,2,0
185151,False,False,False,False,False,False,9,9,6,3,6,0,6
185663,False,False,False,True,True,False,9,9,3,3,6,3,0
185762,False,False,False,False,False,False,9,9,6,3,6,0,6
185838,False,False,False,True,True,False,9,9,3,3,6,3,0
185839,False,False,False,False,False,False,9,9,6,3,6,0,6
185840,False,False,False,False,False,False,9,9,6,3,6,0,6
185841,False,False,False,True,True,False,9,9,3,3,6,3,0
185842,False,False,False,False,False,False,9,9,6,3,6,0,6
186151,False,False,False,True,True,False,9,9,3,3,6,3,0
186152,False,False,False,True,True,False,9,9,3,3,6,3,0
186397,False,False,False,True,True,False,9,9,3,3,6,3,0
186399,False,False,False,True,True,False,9,9,3,3,6,3,0
186401,False,False,False,True,True,False,9,9,3,3,6,3,0
186402,False,False,False,False,False,False,9,9,6,3,6,0,6
186403,False,False,False,True,True,False,9,9,7,2,7,0,7
186404,False,False,False,False,False,False,9,9,6,3,6,0,6
186406,False,False,False,True,True,False,8,8,3,3,5,3,0
186407,False,False,False,True,True,False,9,9,7,2,7,0,7
186408,False,False,False,True,True,False,9,9,3,3,6,3,0
186443,False,False,False,True,True,False,9,9,3,3,6,3,0
186444,False,False,False,False,False,False,9,9,6,3,6,0,6
186460,False,False,False,True,True,False,9,9,3,3,6,3,0
186461,False,False,False,False,False,False,9,9,6,3,6,0,6
187271,True,True,True,False,False,False,10,10,0,3,7,0,0
187420,False,False,False,True,True,False,9,9,3,3,6,3,0
187421,False,False,False,True,True,False,9,9,3,3,6,3,0
187428,False,False,False,True,True,False,9,9,7,2,7,0,7
187430,False,False,False,False,False,False,9,9,2,2,7,2,0
187431,False,False,False,False,False,False,9,9,2,2,7,2,0
187763,False,False,False,True,True,False,9,9,7,2,7,0,7
187774,False,False,False,True,True,False,9,9,3,3,6,3,0
189071,True,True,True,False,False,False,10,10,0,3,7,0,0
189598,False,False,False,False,False,False,9,9,2,2,7,2,0
189599,False,False,False,False,False,False,9,9,2,2,7,2,0
189620,False,False,False,True,True,False,9,9,3,3,6,3,0
189621,False,False,False,True,True,False,9,9,3,3,6,3,0
189764,False,False,False,False,False,False,9,9,6,3,6,0,6
189765,False,False,False,True,True,False,9,9,3,3,6,3,0
189766,False,False,False,False,False,False,9,9,6,3,6,0,6
189767,False,False,False,False,False,False,9,9,6,3,6,0,6
189768,False,False,False,False,False,False,9,9,6,3,6,0,6
189769,False,False,False,True,True,False,9,9,3,3,6,3,0
189770,False,False,False,False,False,False,9,9,6,3,6,0,6
189771,False,False,False,False,False,False,9,9,6,3,6,0,6
189772,False,False,False,False,False,False,9,9,6,3,6,0,6
189773,False,False,False,False,False,False,9,9,2,2,7,2,0
190184,False,False,False,False,False,False,9,9,6,3,6,0,6
190540,False,False,False,True,True,False,9,9,3,3,6,3,0
190550,False,False,False,True,True,False,9,9,3,3,6,3,0
190620,False,False,False,True,True,False,9,9,3,3,6,3,0
190650,False,False,False,True,True,False,9,9,7,2,7,0,7
190761,False,False,False,False,False,False,9,9,2,2,7,2,0
190763,False,False,False,True,True,False,9,9,3,3,6,3,0
190764,False,False,False,True,True,False,9,9,7,2,7,0,7
190777,False,False,False,False,False,False,9,9,6,3,6,0,6
190780,False,False,False,True,True,False,9,9,3,3,6,3,0
190782,False,False,False,False,False,False,9,9,6,3,6,0,6
190783,False,False,False,True,True,False,9,9,3,3,6,3,0
190796,False,False,False,True,True,False,9,9,7,2,7,0,7
190799,False,False,False,True,True,False,8,8,3,3,5,3,0
190800,False,False,False,False,False,False,8,8,6,2,6,0,6
191600,False,False,False,False,False,False,9,9,6,3,6,0,6
191602,False,False,False,True,True,False,9,9,3,3,6,3,0
191603,False,False,False,True,True,False,9,9,7,2,7,0,7
191611,False,False,False,False,False,False,9,9,6,3,6,0,6
191613,False,False,False,False,False,False,9,9,6,3,6,0,6
191974,False,False,False,True,True,False,9,9,3,3,6,3,0
192003,False,False,False,False,False,False,9,9,6,3,6,0,6
192082,False,False,False,False,False,False,9,9,6,3,6,0,6
192083,False,False,False,False,False,False,9,9,6,3,6,0,6
192084,False,False,False,False,False,False,9,9,6,3,6,0,6
192085,False,False,False,False,False,False,9,9,6,3,6,0,6
192086,False,False,False,False,False,False,9,9,6,3,6,0,6
192087,False,False,False,True,True,False,9,9,3,3,6,3,0
192088,False,False,False,False,False,False,9,9,6,3,6,0,6
192089,False,False,False,False,False,False,9,9,2,2,7,2,0
192090,False,False,False,False,False,False,9,9,6,3,6,0,6
192091,False,False,False,True,True,False,9,9,7,2,7,0,7
192161,False,False,False,False,False,False,9,9,6,3,6,0,6
192168,False,False,False,False,False,False,9,9,2,2,7,2,0
192170,False,False,False,True,True,False,9,9,3,3,6,3,0
192177,False,False,False,True,True,False,9,9,3,3,6,3,0
192299,False,False,False,True,True,False,9,9,3,3,6,3,0
192302,False,False,False,True,True,False,9,9,3,3,6,3,0
192312,False,False,False,True,True,False,9,9,3,3,6,3,0
192323,False,False,False,False,False,False,9,9,6,3,6,0,6
192326,False,False,False,True,True,False,9,9,7,2,7,0,7
192335,False,False,False,False,False,False,9,9,2,2,7,2,0
192336,False,False,False,False,False,False,9,9,2,2,7,2,0
192337,False,False,False,False,False,False,9,9,2,2,7,2,0
193542,False,False,False,False,False,False,9,9,6,3,6,0,6
193543,False,False,False,False,False,False,9,9,6,3,6,0,6
193544,False,False,False,False,False,False,9,9,2,2,7,2,0
193822,False,False,False,True,True,False,9,9,3,3,6,3,0
194438,False,False,False,True,True,False,9,9,7,2,7,0,7
194440,False,False,False,True,True,False,9,9,3,3,6,3,0
194720,False,False,False,True,True,False,9,9,3,3,6,3,0
194778,True,True,True,False,False,False,10,10,0,3,7,0,0
195817,False,False,False,False,False,False,9,9,2,2,7,2,0
195847,False,False,False,True,True,False,9,9,7,2,7,0,7
195852,False,False,False,False,False,False,9,9,2,2,7,2,0
195881,False,False,False,False,False,False,8,8,6,2,6,0,6
195883,False,False,False,False,False,False,9,9,2,2,7,2,0
196316,False,False,False,False,False,False,8,8,1,1,7,1,0
196317,False,False,False,True,True,False,9,9,7,2,7,0,7
196318,False,False,False,False,False,False,8,8,2,2,6,2,0
196339,False,False,False,False,False,False,9,9,6,3,6,0,6
196612,False,False,False,False,False,False,9,9,6,3,6,0,6
196613,False,False,False,True,True,False,9,9,3,3,6,3,0
196614,False,False,False,True,True,False,9,9,3,3,6,3,0
196615,False,False,False,True,True,False,9,9,3,3,6,3,0
196616,False,False,False,False,False,False,9,9,6,3,6,0,6
196617,False,False,False,True,True,False,9,9,3,3,6,3,0
196618,False,False,False,False,False,False,9,9,6,3,6,0,6
196619,False,False,False,True,True,False,9,9,7,2,7,0,7
196620,False,False,False,True,True,False,9,9,7,2,7,0,7
196621,False,False,False,False,False,False,9,9,2,2,7,2,0
197124,False,False,False,False,False,False,9,9,6,3,6,0,6
197128,False,False,False,True,True,False,9,9,3,3,6,3,0
197249,False,False,False,True,True,False,9,9,3,3,6,3,0
197250,False,False,False,True,True,False,9,9,7,2,7,0,7
197251,False,False,False,False,False,False,9,9,6,3,6,0,6
197252,False,False,False,True,True,False,9,9,7,2,7,0,7
197416,False,False,False,False,False,False,9,9,6,3,6,0,6
197418,False,False,False,True,True,False,9,9,7,2,7,0,7
197419,False,False,False,False,False,False,9,9,6,3,6,0,6
197420,False,False,False,True,True,False,9,9,3,3,6,3,0
197422,False,False,False,False,False,False,9,9,2,2,7,2,0
197424,True,True,True,False,False,False,10,10,0,3,7,0,0
197425,False,False,False,True,True,False,9,9,7,2,7,0,7
197436,True,True,True,False,False,False,10,10,0,3,7,0,0
197438,False,False,False,True,True,False,9,9,7,2,7,0,7
197439,False,False,False,True,True,False,9,9,3,3,6,3,0
197441,False,False,False,True,True,False,9,9,3,3,6,3,0
197447,False,False,False,False,False,False,8,8,6,2,6,0,6
197448,True,True,True,False,False,False,10,10,0,3,7,0,0
197660,False,False,False,True,True,False,9,9,3,3,6,3,0
197686,False,False,False,True,True,False,9,9,3,3,6,3,0
197801,False,False,False,False,False,False,9,9,6,3,6,0,6
197813,False,False,False,False,False,False,9,9,6,3,6,0,6
197833,False,False,False,False,False,False,9,9,6,3,6,0,6
198526,False,False,False,False,False,False,9,9,6,3,6,0,6
198887,True,True,True,False,False,False,10,10,0,3,7,0,0
199224,False,False,False,True,True,False,9,9,7,2,7,0,7
199227,False,False,False,False,False,False,9,9,6,3,6,0,6
199241,False,False,False,True,True,False,9,9,7,2,7,0,7
199244,False,False,False,False,False,False,9,9,6,3,6,0,6
199246,False,False,False,False,False,False,9,9,6,3,6,0,6
199249,False,False,False,False,False,False,9,9,6,3,6,0,6
199250,False,False,False,True,True,False,9,9,3,3,6,3,0
199251,False,False,False,True,True,False,9,9,7,2,7,0,7
199252,False,False,False,False,False,False,9,9,2,2,7,2,0
199255,False,False,False,False,False,False,8,8,6,2,6,0,6
199258,False,False,False,False,False,False,9,9,2,2,7,2,0
199868,False,False,False,False,False,False,9,9,6,3,6,0,6
200054,False,False,False,False,False,False,9,9,2,2,7,2,0
200068,False,False,False,False,False,False,9,9,2,2,7,2,0
200528,False,False,False,False,False,False,9,9,6,3,6,0,6
200702,False,False,False,False,False,False,9,9,2,2,7,2,0
200714,True,True,True,False,False,False,10,10,0,3,7,0,0
200715,True,True,True,False,False,False,10,10,0,3,7,0,0
200736,False,False,False,True,True,False,9,9,3,3,6,3,0
200744,False,False,False,False,False,False,9,9,2,2,7,2,0
201175,False,False,False,False,False,False,9,9,2,2,7,2,0
201273,False,False,False,True,True,False,9,9,3,3,6,3,0
201448,False,False,False,True,True,False,9,9,7,2,7,0,7
201514,False,False,False,True,True,False,9,9,3,3,6,3,0
203749,False,False,False,False,False,False,6,6,2,2,4,2,0
203750,False,False,False,False,False,False,6,6,4,2,4,0,4
203751,False,False,False,False,False,False,6,6,5,1,5,0,5
203752,False,False,False,False,False,False,6,6,4,2,4,0,4
203753,False,False,False,False,False,False,6,6,5,1,5,0,5
203754,False,False,False,False,False,False,6,6,2,2,4,2,0
203755,False,False,False,False,False,False,6,6,2,2,4,2,0
203756,False,False,False,False,False,False,6,6,2,2,4,2,0
203757,False,False,False,True,True,False,6,6,3,3,3,3,0
203758,False,False,False,False,False,False,6,6,4,2,4,0,4
204503,False,False,False,False,False,False,9,9,2,2,7,2,0
204606,False,False,False,True,True,False,9,9,3,3,6,3,0
204608,False,False,False,False,False,False,9,9,6,3,6,0,6
204611,False,False,False,True,True,False,9,9,3,3,6,3,0
204613,False,False,False,True,True,False,9,9,3,3,6,3,0
204717,False,False,False,False,False,False,9,9,2,2,7,2,0
204948,False,False,False,True,True,False,9,9,3,3,6,3,0
205016,False,False,False,True,True,False,9,9,3,3,6,3,0
205017,False,False,False,True,True,False,9,9,3,3,6,3,0
205018,False,False,False,False,False,False,9,9,2,2,7,2,0
205019,False,False,False,False,False,False,9,9,6,3,6,0,6
205020,False,False,False,True,True,False,9,9,3,3,6,3,0
205236,False,False,False,True,True,False,9,9,3,3,6,3,0
205237,False,False,False,True,True,False,9,9,7,2,7,0,7
205241,False,False,False,True,True,False,9,9,3,3,6,3,0
205242,False,False,False,True,True,False,9,9,3,3,6,3,0
205243,False,False,False,True,True,False,9,9,3,3,6,3,0
205244,False,False,False,False,False,False,9,9,6,3,6,0,6
205245,False,False,False,True,True,False,9,9,3,3,6,3,0
205246,False,False,False,False,False,False,9,9,2,2,7,2,0
205247,False,False,False,False,False,False,9,9,6,3,6,0,6
205995,False,False,False,False,False,False,9,9,6,3,6,0,6
205996,False,False,False,True,True,False,9,9,3,3,6,3,0
206064,False,False,False,True,True,False,9,9,7,2,7,0,7
206405,False,False,False,False,False,False,9,9,6,3,6,0,6
206406,False,False,False,True,True,False,9,9,3,3,6,3,0
206424,True,True,False,False,False,False,10,10,0,0,10,0,0
206458,True,True,True,False,False,False,10,10,0,3,7,0,0
206586,True,True,True,False,False,False,10,10,0,3,7,0,0
206619,False,False,False,False,False,False,9,9,6,3,6,0,6
206630,False,False,False,True,True,False,9,9,3,3,6,3,0
206631,False,False,False,False,False,False,9,9,6,3,6,0,6
206640,True,True,False,False,False,False,10,10,4,4,6,4,0
206685,False,False,False,True,True,False,9,9,3,3,6,3,0
206689,False,False,False,False,False,False,9,9,2,2,7,2,0
206692,False,False,False,True,True,False,9,9,3,3,6,3,0
206695,False,False,False,False,False,False,9,9,6,3,6,0,6
207572,False,False,False,True,True,False,9,9,3,3,6,3,0
207624,True,True,False,False,False,False,10,10,6,4,6,0,6
208177,True,True,True,False,False,False,10,10,0,3,7,0,0
208797,True,True,False,False,False,False,10,10,8,2,8,0,8
208933,False,False,False,False,False,False,9,9,2,2,7,2,0
208961,False,False,False,True,True,False,9,9,3,3,6,3,0
209102,False,False,False,True,True,False,9,9,3,3,6,3,0
209225,False,False,False,False,False,False,9,9,2,2,7,2,0
209234,False,False,False,True,True,False,9,9,3,3,6,3,0
209386,False,False,False,False,False,False,9,9,6,3,6,0,6
209467,False,False,False,True,True,False,9,9,3,3,6,3,0
209469,False,False,False,False,False,False,9,9,2,2,7,2,0
209477,False,False,False,True,True,False,9,9,3,3,6,3,0
209478,False,False,False,False,False,False,9,9,2,2,7,2,0
209494,False,False,False,False,False,False,9,9,6,3,6,0,6
209521,False,False,False,False,False,False,9,9,6,3,6,0,6
209538,False,False,False,False,False,False,9,9,6,3,6,0,6
209648,True,True,False,False,False,False,10,10,4,4,6,4,0
209787,False,False,False,False,False,False,9,9,6,3,6,0,6
209788,False,False,False,False,False,False,9,9,2,2,7,2,0
209837,False,False,False,False,False,False,9,9,6,3,6,0,6
209845,False,False,False,False,False,False,8,8,6,2,6,0,6
209872,False,False,False,True,True,False,9,9,3,3,6,3,0
209873,False,False,False,False,False,False,9,9,6,3,6,0,6
209919,True,True,False,False,False,False,10,10,4,4,6,4,0
210107,False,False,False,True,True,False,9,9,7,2,7,0,7
210112,False,False,False,True,True,False,9,9,7,2,7,0,7
210132,False,False,False,True,True,False,9,9,3,3,6,3,0
210149,False,False,False,True,True,False,9,9,7,2,7,0,7
210158,False,False,False,True,True,False,9,9,7,2,7,0,7
210292,False,False,False,True,True,False,9,9,3,3,6,3,0
210301,True,True,False,False,False,False,10,10,8,2,8,0,8
210302,False,False,False,True,True,False,9,9,7,2,7,0,7
210303,False,False,False,False,False,False,9,9,2,2,7,2,0
210309,False,False,False,True,True,False,9,9,7,2,7,0,7
210312,False,False,False,False,False,False,7,7,2,2,5,2,0
210315,False,False,False,False,False,False,7,7,1,1,6,1,0
210318,False,False,False,False,False,False,9,9,6,3,6,0,6
210333,False,False,False,False,False,False,7,7,2,2,5,2,0
210342,True,True,False,False,False,False,10,10,4,4,6,4,0
210347,False,False,False,False,False,False,7,7,5,2,5,0,5
210350,False,False,False,False,False,False,7,7,4,3,4,0,4
210383,False,False,False,False,False,False,9,9,6,3,6,0,6
210421,False,False,False,False,False,False,9,9,6,3,6,0,6
211218,False,False,False,False,False,False,9,9,2,2,7,2,0
211219,False,False,False,True,True,False,9,9,3,3,6,3,0
211222,True,True,False,False,False,False,10,10,6,4,6,0,6
211382,False,False,False,False,False,False,9,9,6,3,6,0,6
211508,False,False,False,False,False,False,9,9,6,3,6,0,6
211519,False,False,False,True,True,False,9,9,3,3,6,3,0
211534,False,False,False,False,False,False,8,8,5,3,5,0,5
211535,False,False,False,True,True,False,9,9,3,3,6,3,0
211553,True,True,False,False,False,False,10,10,2,2,8,2,0
211771,False,False,False,False,False,False,9,9,2,2,7,2,0
211772,False,False,False,True,True,False,9,9,3,3,6,3,0
211775,False,False,False,True,True,False,9,9,3,3,6,3,0
211776,False,False,False,False,False,False,9,9,2,2,7,2,0
211777,False,False,False,True,True,False,9,9,7,2,7,0,7
211895,False,False,False,True,True,False,9,9,7,2,7,0,7
211902,False,False,False,True,True,False,9,9,3,3,6,3,0
211905,False,False,False,False,False,False,9,9,6,3,6,0,6
211923,False,False,False,False,False,False,9,9,6,3,6,0,6
211924,False,False,False,False,False,False,9,9,6,3,6,0,6
211925,False,False,False,False,False,False,8,8,5,3,5,0,5
211926,False,False,False,False,False,False,8,8,6,2,6,0,6
211927,False,False,False,False,False,False,8,8,6,2,6,0,6
211928,False,False,False,False,False,False,8,8,5,3,5,0,5
211929,False,False,False,False,False,False,8,8,2,2,6,2,0
211930,False,False,False,False,False,False,8,8,2,2,6,2,0
211931,False,False,False,False,False,False,8,8,6,2,6,0,6
211952,True,True,False,False,False,False,10,10,8,2,8,0,8
212001,False,False,False,False,False,False,9,9,6,3,6,0,6
212181,False,False,False,False,False,False,9,9,6,3,6,0,6
212294,False,False,False,True,True,False,9,9,3,3,6,3,0
212297,False,False,False,False,False,False,9,9,6,3,6,0,6
212302,False,False,False,False,False,False,9,9,6,3,6,0,6
212486,False,False,False,True,True,False,9,9,3,3,6,3,0
212487,False,False,False,True,True,False,9,9,3,3,6,3,0
212488,False,False,False,True,True,False,9,9,3,3,6,3,0
212510,False,False,False,False,False,False,9,9,6,3,6,0,6
212511,False,False,False,True,True,False,9,9,7,2,7,0,7
212512,False,False,False,False,False,False,8,8,2,2,6,2,0
212515,False,False,False,True,True,False,9,9,7,2,7,0,7
212516,False,False,False,True,True,False,9,9,3,3,6,3,0
212520,False,False,False,False,False,False,9,9,6,3,6,0,6
212586,False,False,False,True,True,False,9,9,3,3,6,3,0
212594,False,False,False,True,True,False,9,9,3,3,6,3,0
212599,False,False,False,True,True,False,9,9,3,3,6,3,0
212641,True,True,False,False,False,False,10,10,2,2,8,2,0
212694,False,False,False,False,False,False,9,9,6,3,6,0,6
212700,False,False,False,False,False,False,9,9,6,3,6,0,6
212718,False,False,False,False,False,False,9,9,6,3,6,0,6
212739,False,False,False,False,False,False,9,9,6,3,6,0,6
212928,True,True,False,False,False,False,10,10,9,1,9,0,9
213073,False,False,False,False,False,False,9,9,2,2,7,2,0
213096,False,False,False,False,False,False,9,9,6,3,6,0,6
213406,False,False,False,True,True,False,9,9,3,3,6,3,0
214487,False,False,False,False,False,False,9,9,6,3,6,0,6
214488,False,False,False,True,True,False,9,9,3,3,6,3,0
214601,True,True,False,False,False,False,10,10,8,2,8,0,8
214978,False,False,False,False,False,False,9,9,2,2,7,2,0
215091,True,True,False,False,False,False,10,10,8,2,8,0,8
215195,True,True,False,False,False,False,10,10,4,4,6,4,0
215224,True,True,False,False,False,False,10,10,2,2,8,2,0
215611,True,True,False,False,False,False,10,10,8,2,8,0,8
215709,False,False,False,False,False,False,9,9,6,3,6,0,6
215728,False,False,False,False,False,False,9,9,6,3,6,0,6
215742,False,False,False,False,False,False,9,9,6,3,6,0,6
215883,False,False,False,False,False,False,9,9,2,2,7,2,0
215890,False,False,False,True,True,False,9,9,3,3,6,3,0
215895,False,False,False,False,False,False,9,9,2,2,7,2,0
215912,False,False,False,False,False,False,9,9,6,3,6,0,6
215916,False,False,False,True,True,False,9,9,3,3,6,3,0
215922,False,False,False,False,False,False,9,9,2,2,7,2,0
215928,False,False,False,True,True,False,9,9,7,2,7,0,7
215975,False,False,False,False,False,False,9,9,2,2,7,2,0
216074,False,False,False,False,False,False,9,9,2,2,7,2,0
216078,False,False,False,False,False,False,8,8,2,2,6,2,0
216083,False,False,False,True,True,False,9,9,3,3,6,3,0
216091,False,False,False,False,False,False,9,9,6,3,6,0,6
216104,False,False,False,True,True,False,9,9,3,3,6,3,0
216308,True,True,True,False,False,False,10,10,0,3,7,0,0
216385,True,True,False,False,False,False,10,10,4,4,6,4,0
216527,False,False,False,False,False,False,9,9,6,3,6,0,6
216530,False,False,False,True,True,False,9,9,3,3,6,3,0
216531,False,False,False,False,False,False,9,9,2,2,7,2,0
216532,False,False,False,True,True,False,7,7,3,3,4,3,0
216568,False,False,False,False,False,False,8,8,2,2,6,2,0
216569,False,False,False,True,True,False,9,9,7,2,7,0,7
216570,False,False,False,False,False,False,9,9,6,3,6,0,6
216583,False,False,False,False,False,False,8,8,2,2,6,2,0
216587,False,False,False,False,False,False,9,9,6,3,6,0,6
216590,False,False,False,False,False,False,9,9,6,3,6,0,6
216601,False,False,False,False,False,False,8,8,1,1,7,1,0
216602,False,False,False,False,False,False,8,8,5,3,5,0,5
216609,False,False,False,False,False,False,9,9,6,3,6,0,6
216611,False,False,False,True,True,False,9,9,3,3,6,3,0
216614,False,False,False,False,False,False,8,8,5,3,5,0,5
216654,False,False,False,True,False,False,6,6,3,3,3,0,3
216674,False,False,False,False,False,False,6,6,2,2,4,2,0
216684,False,False,False,False,False,False,8,8,6,2,6,0,6
216691,False,False,False,False,False,False,8,8,2,2,6,2,0
216724,False,False,False,True,True,False,9,9,3,3,6,3,0
216748,False,False,False,True,True,False,9,9,3,3,6,3,0
217078,False,False,False,False,False,False,6,6,5,1,5,0,5
217079,False,False,False,False,False,False,6,6,1,1,5,1,0
217080,False,False,False,False,False,False,8,8,1,1,7,1,0
217081,False,False,False,False,False,False,6,6,4,2,4,0,4
217082,False,False,False,False,False,False,6,6,0,0,6,0,0
217083,False,False,False,False,False,False,8,8,6,2,6,0,6
217084,False,False,False,False,False,False,8,8,5,3,5,0,5
217085,False,False,False,False,False,False,6,6,1,1,5,1,0
217086,False,False,False,False,False,False,6,6,0,0,6,0,0
217087,False,False,False,False,False,False,6,6,2,2,4,2,0
217088,False,False,False,False,False,False,8,8,5,3,5,0,5
217089,False,False,False,True,False,False,6,6,3,3,3,0,3
217090,False,False,False,False,False,False,5,5,4,1,4,0,4
217091,False,False,False,False,False,False,8,8,2,2,6,2,0
217092,False,False,False,False,False,False,7,7,4,3,4,0,4
217093,False,False,False,True,False,False,6,6,3,3,3,0,3
217094,False,False,False,False,False,False,7,7,1,1,6,1,0
217095,False,False,False,False,False,False,7,7,4,3,4,0,4
217096,False,False,False,False,False,False,5,5,2,3,2,0,2
217097,False,False,False,False,False,False,9,9,2,2,7,2,0
217098,False,False,False,True,False,False,6,6,3,3,3,0,3
217099,False,False,False,False,False,False,7,7,1,1,6,1,0
217100,False,False,False,False,False,False,4,4,2,2,2,0,2
217101,False,False,False,True,True,False,9,9,3,3,6,3,0
217102,False,False,False,True,False,False,6,6,3,3,3,0,3
217103,False,False,False,False,False,False,7,7,0,0,7,0,0
217104,False,False,False,False,False,False,7,7,2,2,5,2,0
217105,False,False,False,False,False,False,7,7,5,2,5,0,5
217106,False,False,False,False,False,False,6,6,2,2,4,2,0
217107,False,False,False,False,False,False,7,7,5,2,5,0,5
217295,False,False,False,False,False,False,9,9,6,3,6,0,6
217296,False,False,False,True,True,False,9,9,3,3,6,3,0
217866,False,False,False,False,False,False,9,9,2,2,7,2,0
218023,False,False,False,False,False,False,9,9,2,2,7,2,0
218250,True,True,False,False,False,False,10,10,9,1,9,0,9
218368,False,False,False,True,True,False,9,9,3,3,6,3,0
218393,False,False,False,False,False,False,9,9,2,2,7,2,0
218420,False,False,False,False,False,False,9,9,6,3,6,0,6
218424,False,False,False,True,True,False,9,9,7,2,7,0,7
218470,True,True,False,False,False,False,10,10,8,2,8,0,8
218583,False,False,False,True,True,False,9,9,3,3,6,3,0
218587,False,False,False,True,True,False,9,9,7,2,7,0,7
218589,False,False,False,True,True,False,9,9,3,3,6,3,0
218625,False,False,False,False,False,False,9,9,6,3,6,0,6
218628,False,False,False,False,False,False,9,9,6,3,6,0,6
218654,False,False,False,True,True,False,9,9,3,3,6,3,0
218735,True,True,True,False,False,False,10,10,8,3,7,1,7
218738,True,True,True,False,False,False,10,10,8,3,7,1,7
218765,True,True,False,False,False,False,10,10,6,4,6,0,6
218985,False,False,False,True,True,False,9,9,7,2,7,0,7
219045,True,True,False,False,False,False,10,10,4,4,6,4,0
219340,True,True,False,False,False,False,10,10,9,1,9,0,9
219625,False,False,False,True,True,False,9,9,3,3,6,3,0
219673,True,True,True,False,False,False,10,10,0,3,7,0,0
219767,False,False,False,False,False,False,9,9,6,3,6,0,6
219768,False,False,False,True,True,False,9,9,3,3,6,3,0
219799,False,False,False,True,True,False,9,9,3,3,6,3,0
219884,True,True,True,False,False,False,10,10,0,3,7,0,0
220009,False,False,False,True,True,False,9,9,7,2,7,0,7
220013,False,False,False,True,True,False,9,9,7,2,7,0,7
220014,False,False,False,False,False,False,9,9,6,3,6,0,6
220017,False,False,False,True,True,False,9,9,3,3,6,3,0
220018,False,False,False,False,False,False,9,9,6,3,6,0,6
220052,False,False,False,False,False,False,9,9,6,3,6,0,6
220096,False,False,False,False,False,False,9,9,2,2,7,2,0
220373,False,False,False,False,False,False,9,9,2,2,7,2,0
220374,False,False,False,True,True,False,9,9,7,2,7,0,7
220423,False,False,False,False,False,False,9,9,6,3,6,0,6
220462,False,False,False,False,False,False,9,9,6,3,6,0,6
220463,False,False,False,True,True,False,9,9,3,3,6,3,0
220464,False,False,False,False,False,False,9,9,6,3,6,0,6
220466,False,False,False,True,True,False,9,9,7,2,7,0,7
220467,False,False,False,True,True,False,9,9,3,3,6,3,0
220468,False,False,False,False,False,False,9,9,2,2,7,2,0
220667,False,False,False,True,True,False,9,9,3,3,6,3,0
220778,False,False,False,False,False,False,9,9,2,2,7,2,0
220926,True,True,True,False,False,False,10,10,0,3,7,0,0
221336,False,False,False,False,False,False,9,9,6,3,6,0,6
221455,False,False,False,False,False,False,9,9,2,2,7,2,0
221465,True,True,True,False,False,False,10,10,0,3,7,0,0
221466,True,True,True,False,False,False,10,10,0,3,7,0,0
221467,True,True,True,False,False,False,10,10,0,3,7,0,0
221468,True,True,True,False,False,False,10,10,0,3,7,0,0
221469,True,True,True,False,False,False,10,10,0,3,7,0,0
221470,True,True,True,False,False,False,10,10,0,3,7,0,0
221471,True,True,True,False,False,False,10,10,0,3,7,0,0
221472,True,True,True,False,False,False,10,10,0,3,7,0,0
221473,True,True,True,False,False,False,10,10,0,3,7,0,0
221582,False,False,False,False,False,False,9,9,6,3,6,0,6
221685,False,False,False,True,True,False,9,9,3,3,6,3,0
221687,False,False,False,True,True,False,9,9,3,3,6,3,0
221690,False,False,False,False,False,False,9,9,2,2,7,2,0
221702,False,False,False,False,False,False,9,9,6,3,6,0,6
221710,False,False,False,True,True,False,9,9,7,2,7,0,7
221715,False,False,False,True,True,False,9,9,3,3,6,3,0
221716,False,False,False,True,True,False,9,9,3,3,6,3,0
221729,False,False,False,True,True,False,9,9,3,3,6,3,0
221734,False,False,False,True,True,False,9,9,3,3,6,3,0
221745,False,False,False,False,False,False,9,9,6,3,6,0,6
221763,False,False,False,True,True,False,9,9,3,3,6,3,0
221784,False,False,False,True,True,False,9,9,3,3,6,3,0
221787,False,False,False,True,True,False,9,9,7,2,7,0,7
221804,False,False,False,False,False,False,9,9,6,3,6,0,6
221821,False,False,False,True,True,False,9,9,3,3,6,3,0
221858,False,False,False,False,False,False,9,9,6,3,6,0,6
221860,False,False,False,True,True,False,9,9,3,3,6,3,0
221862,False,False,False,False,False,False,9,9,6,3,6,0,6
221878,False,False,False,True,True,False,9,9,3,3,6,3,0
221879,False,False,False,True,True,False,9,9,7,2,7,0,7
221887,False,False,False,True,True,False,9,9,3,3,6,3,0
221890,False,False,False,True,True,False,9,9,3,3,6,3,0
221907,False,False,False,False,False,False,9,9,6,3,6,0,6
221932,False,False,False,True,True,False,9,9,7,2,7,0,7
221933,False,False,False,False,False,False,9,9,2,2,7,2,0
221934,False,False,False,False,False,False,9,9,2,2,7,2,0
221936,False,False,False,True,True,False,9,9,7,2,7,0,7
221937,False,False,False,True,True,False,9,9,3,3,6,3,0
221939,False,False,False,False,False,False,8,8,2,2,6,2,0
221940,False,False,False,False,False,False,9,9,6,3,6,0,6
222134,False,False,False,False,False,False,9,9,6,3,6,0,6
222207,False,False,False,False,False,False,9,9,2,2,7,2,0
222208,False,False,False,True,True,False,9,9,3,3,6,3,0
222242,False,False,False,True,True,False,9,9,7,2,7,0,7
222245,False,False,False,False,False,False,9,9,2,2,7,2,0
222246,False,False,False,True,True,False,9,9,7,2,7,0,7
222253,False,False,False,True,True,False,9,9,3,3,6,3,0
222275,False,False,False,False,False,False,9,9,2,2,7,2,0
222276,False,False,False,False,False,False,9,9,6,3,6,0,6
222279,False,False,False,False,False,False,8,8,5,3,5,0,5
222295,False,False,False,True,True,False,9,9,7,2,7,0,7
222468,False,False,False,True,True,False,9,9,7,2,7,0,7
222489,False,False,False,True,True,False,9,9,3,3,6,3,0
222548,False,False,False,True,True,False,9,9,3,3,6,3,0
222557,False,False,False,False,False,False,9,9,6,3,6,0,6
222857,False,False,False,False,False,False,9,9,6,3,6,0,6
222869,False,False,False,True,True,False,9,9,3,3,6,3,0
223012,False,False,False,False,False,False,9,9,6,3,6,0,6
223013,False,False,False,True,True,False,9,9,3,3,6,3,0
223014,False,False,False,True,True,False,9,9,3,3,6,3,0
223015,False,False,False,True,True,False,9,9,7,2,7,0,7
223017,False,False,False,True,True,False,9,9,3,3,6,3,0
223040,False,False,False,False,False,False,8,8,5,3,5,0,5
223104,True,True,True,False,False,False,10,10,0,3,7,0,0
223361,False,False,False,False,False,False,9,9,6,3,6,0,6
223372,False,False,False,False,False,False,9,9,6,3,6,0,6
223373,False,False,False,True,True,False,9,9,3,3,6,3,0
223375,False,False,False,False,False,False,9,9,6,3,6,0,6
223376,False,False,False,False,False,False,9,9,2,2,7,2,0
223377,False,False,False,False,False,False,9,9,2,2,7,2,0
223378,False,False,False,False,False,False,9,9,2,2,7,2,0
223585,False,False,False,False,False,False,9,9,2,2,7,2,0
223594,False,False,False,True,True,False,9,9,3,3,6,3,0
223611,False,False,False,True,True,False,9,9,3,3,6,3,0
223707,False,False,False,True,True,False,9,9,3,3,6,3,0
223728,False,False,False,False,False,False,9,9,2,2,7,2,0
223744,False,False,False,True,True,False,9,9,7,2,7,0,7
223752,False,False,False,True,True,False,9,9,3,3,6,3,0
223754,False,False,False,True,True,False,9,9,3,3,6,3,0
223759,False,False,False,False,False,False,9,9,2,2,7,2,0
223765,False,False,False,True,True,False,9,9,3,3,6,3,0
223793,False,False,False,True,True,False,9,9,3,3,6,3,0
223797,False,False,False,True,True,False,9,9,3,3,6,3,0
223801,False,False,False,True,True,False,9,9,7,2,7,0,7
223870,False,False,False,True,True,False,9,9,7,2,7,0,7
223873,False,False,False,True,True,False,8,8,3,3,5,3,0
223874,False,False,False,False,False,False,9,9,6,3,6,0,6
223876,False,False,False,True,True,False,9,9,3,3,6,3,0
223877,False,False,False,False,False,False,9,9,6,3,6,0,6
223878,False,False,False,False,False,False,9,9,6,3,6,0,6
223879,False,False,False,False,False,False,9,9,6,3,6,0,6
223882,False,False,False,True,True,False,9,9,3,3,6,3,0
223885,False,False,False,True,True,False,9,9,3,3,6,3,0
223886,False,False,False,True,True,False,9,9,3,3,6,3,0
223887,False,False,False,True,True,False,9,9,3,3,6,3,0
223888,False,False,False,False,False,False,9,9,6,3,6,0,6
223889,False,False,False,False,False,False,9,9,2,2,7,2,0
223890,False,False,False,False,False,False,9,9,2,2,7,2,0
223891,False,False,False,False,False,False,9,9,2,2,7,2,0
223896,False,False,False,True,True,False,9,9,3,3,6,3,0
223897,False,False,False,True,True,False,9,9,3,3,6,3,0
223898,False,False,False,True,True,False,9,9,7,2,7,0,7
223899,False,False,False,False,False,False,9,9,6,3,6,0,6
223908,False,False,False,False,False,False,9,9,2,2,7,2,0
223910,False,False,False,True,True,False,9,9,3,3,6,3,0
223911,False,False,False,False,False,False,9,9,2,2,7,2,0
223912,False,False,False,True,True,False,9,9,3,3,6,3,0
223913,False,False,False,True,True,False,9,9,3,3,6,3,0
223915,False,False,False,False,False,False,9,9,2,2,7,2,0
223917,False,False,False,True,True,False,9,9,3,3,6,3,0
223918,False,False,False,True,True,False,9,9,3,3,6,3,0
223919,False,False,False,False,False,False,9,9,6,3,6,0,6
223920,False,False,False,True,True,False,9,9,3,3,6,3,0
223921,False,False,False,False,False,False,9,9,6,3,6,0,6
223942,False,False,False,True,True,False,9,9,3,3,6,3,0
223943,False,False,False,False,False,False,9,9,6,3,6,0,6
223964,False,False,False,True,True,False,8,8,3,3,5,3,0
223970,False,False,False,True,True,False,9,9,7,2,7,0,7
223987,True,True,True,False,False,False,10,10,0,3,7,0,0
224000,True,True,True,False,False,False,10,10,0,3,7,0,0
224001,True,True,True,False,False,False,10,10,0,3,7,0,0
224002,True,True,True,False,False,False,10,10,0,3,7,0,0
224155,True,True,True,False,False,False,10,10,0,3,7,0,0
224159,False,False,False,True,True,False,9,9,7,2,7,0,7
224164,False,False,False,True,True,False,9,9,3,3,6,3,0
224174,False,False,False,True,True,False,9,9,3,3,6,3,0
224196,False,False,False,False,False,False,9,9,2,2,7,2,0
224253,False,False,False,False,False,False,9,9,6,3,6,0,6
224281,False,False,False,True,True,False,9,9,3,3,6,3,0
224282,False,False,False,False,False,False,9,9,2,2,7,2,0
224294,False,False,False,False,False,False,9,9,6,3,6,0,6
224312,False,False,False,True,True,False,9,9,3,3,6,3,0
224316,False,False,False,False,False,False,9,9,2,2,7,2,0
224321,False,False,False,True,True,False,9,9,7,2,7,0,7
224331,False,False,False,False,False,False,9,9,2,2,7,2,0
224344,False,False,False,True,True,False,9,9,3,3,6,3,0
224358,False,False,False,False,False,False,9,9,2,2,7,2,0
224361,False,False,False,False,False,False,9,9,6,3,6,0,6
224676,False,False,False,True,True,False,9,9,3,3,6,3,0
224700,False,False,False,True,True,False,9,9,7,2,7,0,7
224721,False,False,False,False,False,False,9,9,6,3,6,0,6
224782,False,False,False,False,False,False,9,9,2,2,7,2,0
224799,False,False,False,False,False,False,9,9,6,3,6,0,6
224800,False,False,False,False,False,False,9,9,6,3,6,0,6
224801,False,False,False,True,True,False,9,9,3,3,6,3,0
224802,False,False,False,True,True,False,9,9,3,3,6,3,0
224803,False,False,False,True,True,False,8,8,3,3,5,3,0
224804,False,False,False,False,False,False,8,8,2,2,6,2,0
224806,False,False,False,False,False,False,8,8,2,2,6,2,0
225086,True,True,True,False,False,False,10,10,0,3,7,0,0
225087,True,True,True,False,False,False,10,10,0,3,7,0,0
225096,False,False,False,True,True,False,9,9,3,3,6,3,0
225100,False,False,False,False,False,False,8,8,2,2,6,2,0
225117,True,True,True,False,False,False,10,10,0,3,7,0,0
225118,True,True,True,False,False,False,10,10,0,3,7,0,0
225185,False,False,False,True,True,False,9,9,3,3,6,3,0
225281,False,False,False,False,False,False,9,9,6,3,6,0,6
225282,False,False,False,True,True,False,9,9,3,3,6,3,0
225322,False,False,False,False,False,False,9,9,6,3,6,0,6
225341,False,False,False,False,False,False,9,9,2,2,7,2,0
225452,False,False,False,False,False,False,9,9,6,3,6,0,6
225594,False,False,False,True,True,False,9,9,3,3,6,3,0
225599,False,False,False,False,False,False,9,9,2,2,7,2,0
225615,False,False,False,True,True,False,9,9,7,2,7,0,7
225655,False,False,False,False,False,False,9,9,6,3,6,0,6
225663,False,False,False,False,False,False,9,9,6,3,6,0,6
225843,False,False,False,False,False,False,9,9,6,3,6,0,6
226036,False,False,False,False,False,False,9,9,2,2,7,2,0
226037,False,False,False,True,True,False,9,9,7,2,7,0,7
226038,False,False,False,True,True,False,9,9,3,3,6,3,0
226040,False,False,False,True,True,False,9,9,3,3,6,3,0
226072,False,False,False,True,True,False,8,8,3,3,5,3,0
226091,False,False,False,True,True,False,9,9,3,3,6,3,0
226092,False,False,False,True,True,False,9,9,3,3,6,3,0
226139,False,False,False,False,False,False,8,8,5,3,5,0,5
227120,False,False,False,False,False,False,9,9,6,3,6,0,6
227139,False,False,False,False,False,False,9,9,2,2,7,2,0
227173,False,False,False,False,False,False,9,9,2,2,7,2,0
227451,False,False,False,False,False,False,9,9,6,3,6,0,6
227463,False,False,False,False,False,False,9,9,6,3,6,0,6
227465,False,False,False,False,False,False,9,9,2,2,7,2,0
227466,False,False,False,False,False,False,9,9,2,2,7,2,0
227467,False,False,False,False,False,False,9,9,2,2,7,2,0
227470,False,False,False,False,False,False,9,9,6,3,6,0,6
227474,False,False,False,False,False,False,9,9,6,3,6,0,6
227477,False,False,False,True,True,False,9,9,3,3,6,3,0
227483,False,False,False,False,False,False,9,9,2,2,7,2,0
227487,False,False,False,False,False,False,9,9,6,3,6,0,6
228073,False,False,False,False,False,False,9,9,6,3,6,0,6
228087,False,False,False,True,True,False,9,9,3,3,6,3,0
228111,False,False,False,False,False,False,9,9,6,3,6,0,6
228119,False,False,False,False,False,False,9,9,6,3,6,0,6
228351,False,False,False,False,False,False,9,9,2,2,7,2,0
228370,False,False,False,False,False,False,9,9,6,3,6,0,6
228493,False,False,False,False,False,False,9,9,2,2,7,2,0
228596,False,False,False,True,True,False,9,9,3,3,6,3,0
228599,False,False,False,True,True,False,8,8,3,3,5,3,0
228602,False,False,False,True,True,False,9,9,3,3,6,3,0
228625,False,False,False,False,False,False,8,8,2,2,6,2,0
228651,False,False,False,True,True,False,9,9,3,3,6,3,0
228653,False,False,False,False,False,False,9,9,2,2,7,2,0
228657,False,False,False,False,False,False,9,9,6,3,6,0,6
228669,False,False,False,True,True,False,9,9,3,3,6,3,0
228670,False,False,False,True,True,False,9,9,7,2,7,0,7
228675,False,False,False,False,False,False,9,9,6,3,6,0,6
228676,False,False,False,True,True,False,9,9,3,3,6,3,0
228679,False,False,False,True,True,False,9,9,3,3,6,3,0
229058,False,False,False,False,False,False,9,9,6,3,6,0,6
229062,False,False,False,True,True,False,9,9,3,3,6,3,0
229063,False,False,False,False,False,False,9,9,6,3,6,0,6
229070,False,False,False,True,True,False,9,9,7,2,7,0,7
229082,False,False,False,True,True,False,9,9,3,3,6,3,0
229086,False,False,False,False,False,False,9,9,2,2,7,2,0
229109,True,True,True,False,False,False,10,10,0,3,7,0,0
229110,False,False,False,False,False,False,8,8,5,3,5,0,5
229111,False,False,False,True,True,False,9,9,3,3,6,3,0
229112,False,False,False,True,True,False,9,9,3,3,6,3,0
229302,False,False,False,False,False,False,9,9,2,2,7,2,0
229442,False,False,False,True,True,False,9,9,3,3,6,3,0
229443,False,False,False,False,False,False,9,9,6,3,6,0,6
229622,False,False,False,True,True,False,9,9,3,3,6,3,0
230015,False,False,False,True,True,False,9,9,3,3,6,3,0
230053,False,False,False,True,True,False,9,9,3,3,6,3,0
230054,False,False,False,True,True,False,9,9,3,3,6,3,0
230056,False,False,False,True,True,False,9,9,3,3,6,3,0
230060,False,False,False,False,False,False,9,9,6,3,6,0,6
230068,False,False,False,False,False,False,9,9,2,2,7,2,0
230074,False,False,False,False,False,False,9,9,6,3,6,0,6
230075,False,False,False,False,False,False,9,9,6,3,6,0,6
230132,False,False,False,False,False,False,9,9,6,3,6,0,6
230138,False,False,False,True,True,False,9,9,3,3,6,3,0
230314,False,False,False,False,False,False,8,8,6,2,6,0,6
230500,False,False,False,False,False,False,9,9,2,2,7,2,0
230537,False,False,False,True,True,False,8,8,3,3,5,3,0
230538,False,False,False,True,True,False,9,9,3,3,6,3,0
230549,False,False,False,True,True,False,8,8,3,3,5,3,0
230553,False,False,False,False,False,False,9,9,2,2,7,2,0
230562,False,False,False,False,False,False,7,7,1,1,6,1,0
230684,False,False,False,False,False,False,9,9,2,2,7,2,0
230685,False,False,False,True,True,False,9,9,3,3,6,3,0
230688,False,False,False,True,True,False,9,9,7,2,7,0,7
230690,False,False,False,True,True,False,9,9,3,3,6,3,0
230692,False,False,False,False,False,False,9,9,2,2,7,2,0
230693,False,False,False,True,True,False,9,9,3,3,6,3,0
230697,False,False,False,False,False,False,9,9,2,2,7,2,0
230699,False,False,False,True,True,False,9,9,7,2,7,0,7
230701,False,False,False,True,True,False,9,9,3,3,6,3,0
230702,False,False,False,False,False,False,9,9,6,3,6,0,6
230706,False,False,False,True,True,False,9,9,3,3,6,3,0
230707,False,False,False,True,True,False,9,9,3,3,6,3,0
230713,False,False,False,False,False,False,8,8,2,2,6,2,0
230715,False,False,False,False,False,False,9,9,6,3,6,0,6
230719,False,False,False,True,True,False,9,9,3,3,6,3,0
230721,False,False,False,False,False,False,9,9,2,2,7,2,0
230722,False,False,False,True,True,False,9,9,7,2,7,0,7
230724,False,False,False,True,True,False,9,9,3,3,6,3,0
230725,False,False,False,False,False,False,9,9,2,2,7,2,0
230728,False,False,False,False,False,False,9,9,6,3,6,0,6
230730,False,False,False,True,True,False,9,9,7,2,7,0,7
230731,False,False,False,False,False,False,8,8,5,3,5,0,5
230743,False,False,False,True,True,False,9,9,3,3,6,3,0
230748,False,False,False,False,False,False,9,9,6,3,6,0,6
230749,False,False,False,True,True,False,8,8,3,3,5,3,0
230753,False,False,False,False,False,False,8,8,2,2,6,2,0
230755,False,False,False,False,False,False,9,9,6,3,6,0,6
230756,False,False,False,False,False,False,9,9,6,3,6,0,6
230758,False,False,False,False,False,False,9,9,6,3,6,0,6
230764,False,False,False,False,False,False,9,9,6,3,6,0,6
230765,False,False,False,False,False,False,9,9,6,3,6,0,6
230767,False,False,False,False,False,False,9,9,6,3,6,0,6
230771,False,False,False,True,True,False,9,9,3,3,6,3,0
230773,False,False,False,True,True,False,9,9,3,3,6,3,0
230775,False,False,False,False,False,False,9,9,6,3,6,0,6
230778,False,False,False,False,False,False,9,9,6,3,6,0,6
230779,False,False,False,True,True,False,9,9,3,3,6,3,0
230781,False,False,False,True,True,False,9,9,3,3,6,3,0
230782,False,False,False,False,False,False,9,9,6,3,6,0,6
230783,False,False,False,False,False,False,8,8,5,3,5,0,5
230784,False,False,False,True,True,False,9,9,3,3,6,3,0
235347,True,True,True,False,False,False,10,10,0,3,7,0,0
238848,False,False,False,True,True,False,9,9,3,3,6,3,0
239108,True,True,True,False,False,False,10,10,0,3,7,0,0
239109,True,True,True,False,False,False,10,10,0,3,7,0,0
239110,True,True,True,False,False,False,10,10,0,3,7,0,0
240513,True,True,True,False,False,False,10,10,0,3,7,0,0
242775,True,True,True,False,False,False,10,10,0,3,7,0,0
243641,True,True,True,False,False,False,10,10,0,3,7,0,0
246163,True,True,True,False,False,False,10,10,0,3,7,0,0
247135,True,True,True,False,False,False,10,10,0,3,7,0,0
248875,True,True,True,False,False,False,10,10,0,3,7,0,0
249753,True,True,True,False,False,False,10,10,0,3,7,0,0
249754,True,True,True,False,False,False,10,10,0,3,7,0,0
249756,True,True,True,False,False,False,10,10,0,3,7,0,0
249763,True,True,True,False,False,False,10,10,0,3,7,0,0
249764,True,True,True,False,False,False,10,10,0,3,7,0,0
249765,True,True,True,False,False,False,10,10,0,3,7,0,0
249768,True,True,True,False,False,False,10,10,0,3,7,0,0
249772,True,True,True,False,False,False,10,10,0,3,7,0,0
249773,True,True,True,False,False,False,10,10,0,3,7,0,0
249778,True,True,True,False,False,False,10,10,0,3,7,0,0
249779,True,True,True,False,False,False,10,10,0,3,7,0,0
249781,True,True,True,False,False,False,10,10,0,3,7,0,0
249786,True,True,True,False,False,False,10,10,0,3,7,0,0
249787,True,True,True,False,False,False,10,10,0,3,7,0,0
249793,True,True,True,False,False,False,10,10,0,3,7,0,0
249796,True,True,True,False,False,False,10,10,0,3,7,0,0
249797,True,True,True,False,False,False,10,10,0,3,7,0,0
249798,True,True,True,False,False,False,10,10,0,3,7,0,0
249804,True,True,True,False,False,False,10,10,0,3,7,0,0
249807,True,True,True,False,False,False,10,10,0,3,7,0,0
249809,True,True,True,False,False,False,10,10,0,3,7,0,0
249842,True,True,True,False,False,False,10,10,0,3,7,0,0
249844,True,True,True,False,False,False,10,10,0,3,7,0,0
249855,True,True,True,False,False,False,10,10,0,3,7,0,0
249856,True,True,True,False,False,False,10,10,0,3,7,0,0
249860,True,True,True,False,False,False,10,10,0,3,7,0,0
249861,True,True,True,False,False,False,10,10,0,3,7,0,0
249862,True,True,True,False,False,False,10,10,0,3,7,0,0
249863,True,True,True,False,False,False,10,10,0,3,7,0,0
249873,True,True,True,False,False,False,10,10,0,3,7,0,0
249874,True,True,True,False,False,False,10,10,0,3,7,0,0
249881,True,True,True,False,False,False,10,10,0,3,7,0,0
249882,True,True,True,False,False,False,10,10,0,3,7,0,0
249884,True,True,True,False,False,False,10,10,0,3,7,0,0
249885,True,True,True,False,False,False,10,10,0,3,7,0,0
249886,True,True,True,False,False,False,10,10,0,3,7,0,0
249903,True,True,True,False,False,False,10,10,0,3,7,0,0
249904,True,True,True,False,False,False,10,10,0,3,7,0,0
249905,True,True,True,False,False,False,10,10,0,3,7,0,0
249906,True,True,True,False,False,False,10,10,0,3,7,0,0
250011,True,True,True,False,False,False,10,10,0,3,7,0,0
251052,True,True,True,False,False,False,10,10,10,3,7,3,7
251053,True,True,True,False,False,False,10,10,10,3,7,3,7
251054,True,True,True,False,False,False,10,10,10,3,7,3,7
251055,True,True,True,False,False,False,10,10,10,3,7,3,7
251056,True,True,True,False,False,False,10,10,10,3,7,3,7
251057,True,True,True,False,False,False,10,10,10,3,7,3,7
251208,True,True,True,False,False,False,10,10,10,3,7,3,7
251209,True,True,True,False,False,False,10,10,10,3,7,3,7
251210,True,True,True,False,False,False,10,10,10,3,7,3,7
251212,True,True,True,False,False,False,10,10,10,3,7,3,7
251213,True,True,True,False,False,False,10,10,10,3,7,3,7
251214,True,True,True,False,False,False,10,10,10,3,7,3,7
251256,True,True,True,False,False,False,10,10,10,3,7,3,7
251260,True,True,True,False,False,False,10,10,10,3,7,3,7
251264,True,True,True,False,False,False,10,10,10,3,7,3,7
251265,True,True,True,False,False,False,10,10,10,3,7,3,7
251268,True,True,True,False,False,False,10,10,10,3,7,3,7
251272,True,True,True,False,False,False,10,10,10,3,7,3,7
251414,True,True,True,False,False,False,10,10,10,3,7,3,7
251415,True,True,True,False,False,False,10,10,10,3,7,3,7
251416,True,True,True,False,False,False,10,10,10,3,7,3,7
251417,True,True,True,False,False,False,10,10,10,3,7,3,7
251418,True,True,True,False,False,False,10,10,10,3,7,3,7
251419,True,True,True,False,False,False,10,10,10,3,7,3,7
251476,True,True,True,False,False,False,10,10,10,3,7,3,7
251477,True,True,True,False,False,False,10,10,10,3,7,3,7
251478,True,True,True,False,False,False,10,10,10,3,7,3,7
251479,True,True,True,False,False,False,10,10,10,3,7,3,7
251480,True,True,True,False,False,False,10,10,10,3,7,3,7
251481,True,True,True,False,False,False,10,10,10,3,7,3,7
251624,True,True,True,False,False,False,10,10,10,3,7,3,7
251625,True,True,True,False,False,False,10,10,10,3,7,3,7
251626,True,True,True,False,False,False,10,10,10,3,7,3,7
251627,True,True,True,False,False,False,10,10,10,3,7,3,7
251628,True,True,True,False,False,False,10,10,10,3,7,3,7
251629,True,True,True,False,False,False,10,10,10,3,7,3,7
251698,True,True,True,False,False,False,10,10,10,3,7,3,7
251699,True,True,True,False,False,False,10,10,10,3,7,3,7
251700,True,True,True,False,False,False,10,10,10,3,7,3,7
251701,True,True,True,False,False,False,10,10,10,3,7,3,7
251702,True,True,True,False,False,False,10,10,10,3,7,3,7
251703,True,True,True,False,False,False,10,10,10,3,7,3,7
251812,True,True,True,False,False,False,10,10,10,3,7,3,7
251813,True,True,True,False,False,False,10,10,10,3,7,3,7
251814,True,True,True,False,False,False,10,10,10,3,7,3,7
251815,True,True,True,False,False,False,10,10,10,3,7,3,7
251887,True,True,True,False,False,False,10,10,10,3,7,3,7
251888,True,True,True,False,False,False,10,10,10,3,7,3,7
251889,True,True,True,False,False,False,10,10,10,3,7,3,7
251890,True,True,True,False,False,False,10,10,10,3,7,3,7
251891,True,True,True,False,False,False,10,10,10,3,7,3,7
251892,True,True,True,False,False,False,10,10,10,3,7,3,7
251893,True,True,True,False,False,False,10,10,10,3,7,3,7
251894,True,True,True,False,False,False,10,10,10,3,7,3,7
252016,True,True,True,False,False,False,10,10,10,3,7,3,7
252017,True,True,True,False,False,False,10,10,10,3,7,3,7
252018,True,True,True,False,False,False,10,10,10,3,7,3,7
252019,True,True,True,False,False,False,10,10,10,3,7,3,7
252020,True,True,True,False,False,False,10,10,10,3,7,3,7
252021,True,True,True,False,False,False,10,10,10,3,7,3,7
252081,True,True,True,False,False,False,10,10,10,3,7,3,7
252082,True,True,True,False,False,False,10,10,10,3,7,3,7
252083,True,True,True,False,False,False,10,10,10,3,7,3,7
252084,True,True,True,False,False,False,10,10,10,3,7,3,7
252085,True,True,True,False,False,False,10,10,10,3,7,3,7
252086,True,True,True,False,False,False,10,10,10,3,7,3,7
252087,True,True,True,False,False,False,10,10,10,3,7,3,7
252088,True,True,True,False,False,False,10,10,10,3,7,3,7
252089,True,True,True,False,False,False,10,10,10,3,7,3,7
252090,True,True,True,False,False,False,10,10,10,3,7,3,7
252140,True,True,True,False,False,False,10,10,10,3,7,3,7
252141,True,True,True,False,False,False,10,10,10,3,7,3,7
252142,True,True,True,False,False,False,10,10,10,3,7,3,7
252143,True,True,True,False,False,False,10,10,10,3,7,3,7
252144,True,True,True,False,False,False,10,10,10,3,7,3,7
252145,True,True,True,False,False,False,10,10,10,3,7,3,7
252146,True,True,True,False,False,False,10,10,10,3,7,3,7
252147,True,True,True,False,False,False,10,10,10,3,7,3,7
252148,True,True,True,False,False,False,10,10,10,3,7,3,7
252149,True,True,True,False,False,False,10,10,10,3,7,3,7
252250,True,True,True,False,False,False,10,10,10,3,7,3,7
252251,True,True,True,False,False,False,10,10,10,3,7,3,7
252252,True,True,True,False,False,False,10,10,10,3,7,3,7
252253,True,True,True,False,False,False,10,10,10,3,7,3,7
252254,True,True,True,False,False,False,10,10,10,3,7,3,7
252255,True,True,True,False,False,False,10,10,10,3,7,3,7
252256,True,True,True,False,False,False,10,10,10,3,7,3,7
252257,True,True,True,False,False,False,10,10,10,3,7,3,7
252258,True,True,True,False,False,False,10,10,10,3,7,3,7
252259,True,True,True,False,False,False,10,10,10,3,7,3,7
252767,True,True,True,False,False,False,10,10,0,3,7,0,0
252768,True,True,True,False,False,False,10,10,0,3,7,0,0
252775,True,True,True,False,False,False,10,10,0,3,7,0,0
252776,True,True,True,False,False,False,10,10,0,3,7,0,0
252780,True,True,True,False,False,False,10,10,0,3,7,0,0
252782,True,True,True,False,False,False,10,10,0,3,7,0,0
252787,True,True,True,False,False,False,10,10,0,3,7,0,0
252788,True,True,True,False,False,False,10,10,0,3,7,0,0
252792,True,True,True,False,False,False,10,10,0,3,7,0,0
252794,True,True,True,False,False,False,10,10,0,3,7,0,0
252798,True,True,True,False,False,False,10,10,0,3,7,0,0
252800,True,True,True,False,False,False,10,10,0,3,7,0,0
252805,True,True,True,False,False,False,10,10,0,3,7,0,0
252806,True,True,True,False,False,False,10,10,0,3,7,0,0
252808,True,True,True,False,False,False,10,10,0,3,7,0,0
252809,True,True,True,False,False,False,10,10,0,3,7,0,0
